denomination_eth,address,num_wallets,wallets_and_hitcounts
1.0,0xb3b14b651cdbff0b5be12178db7e8d361eabdb34,2,0xb421a98ca7825ad2951eaf6516bea4a9f08ffbfd(4x);0xf666057b3200c2af14534217ded1b8275dca53eb(4x)
1.0,0xf4c6b5f77871a8045d3501d599d54b43d9b5237b,2,0xb421a98ca7825ad2951eaf6516bea4a9f08ffbfd(4x);0xf666057b3200c2af14534217ded1b8275dca53eb(4x)
1.0,0x5111c88e57d28a4a42b844c58c3b16ff3e5f80bb,2,0xb421a98ca7825ad2951eaf6516bea4a9f08ffbfd(4x);0xf666057b3200c2af14534217ded1b8275dca53eb(4x)
1.0,0x7e2f69e241efb04093443712c523754a4adf184b,2,0xb421a98ca7825ad2951eaf6516bea4a9f08ffbfd(4x);0xf666057b3200c2af14534217ded1b8275dca53eb(4x)
1.0,0xa1e779a2458fc7e88f80855f3db78e7a7c47ede4,2,0xb421a98ca7825ad2951eaf6516bea4a9f08ffbfd(4x);0xf666057b3200c2af14534217ded1b8275dca53eb(4x)
1.0,0x4f6bc0893f11ed7e9f38c270c92bd86c4520008d,2,0xb421a98ca7825ad2951eaf6516bea4a9f08ffbfd(4x);0xf666057b3200c2af14534217ded1b8275dca53eb(4x)
1.0,0xe7e1afe4a8160718a56975232afd9a335d748545,2,0xb421a98ca7825ad2951eaf6516bea4a9f08ffbfd(4x);0xf666057b3200c2af14534217ded1b8275dca53eb(4x)
1.0,0x531dcad54427e2821deb8eb262619574f150ffdb,2,0xb421a98ca7825ad2951eaf6516bea4a9f08ffbfd(4x);0xf666057b3200c2af14534217ded1b8275dca53eb(4x)
1.0,0xa08211df7b91608b5d5c4c42ffee715085d8c29e,2,0xb421a98ca7825ad2951eaf6516bea4a9f08ffbfd(4x);0xf666057b3200c2af14534217ded1b8275dca53eb(4x)
1.0,0xce69b8a22cdceb996925288dcf6d1bfc3387ec9b,2,0xb421a98ca7825ad2951eaf6516bea4a9f08ffbfd(4x);0xf666057b3200c2af14534217ded1b8275dca53eb(4x)
1.0,0xc8d33c97fa946060712fdb3b61d42ea182c163f7,2,0xb421a98ca7825ad2951eaf6516bea4a9f08ffbfd(4x);0xf666057b3200c2af14534217ded1b8275dca53eb(4x)
1.0,0x4fe098d4b1909d65805057adade531f84fc07888,2,0xb421a98ca7825ad2951eaf6516bea4a9f08ffbfd(4x);0xf666057b3200c2af14534217ded1b8275dca53eb(4x)
1.0,0xf1a63f0732078473af8ed3e5f998c6cd31a5fb74,2,0xb421a98ca7825ad2951eaf6516bea4a9f08ffbfd(4x);0xf666057b3200c2af14534217ded1b8275dca53eb(4x)
1.0,0x6fb52df2d44ecbcaea44931a4cc6269f2ffc0774,2,0xb421a98ca7825ad2951eaf6516bea4a9f08ffbfd(4x);0xf666057b3200c2af14534217ded1b8275dca53eb(4x)
1.0,0x33879bcf7b5dcb550dd3ec8cd6bd05536120da8f,2,0xb421a98ca7825ad2951eaf6516bea4a9f08ffbfd(4x);0xf666057b3200c2af14534217ded1b8275dca53eb(4x)
1.0,0xc79c05434cf08488a69342ed821d7c1c95b60057,2,0xb421a98ca7825ad2951eaf6516bea4a9f08ffbfd(4x);0xf666057b3200c2af14534217ded1b8275dca53eb(4x)
1.0,0x9cf4f705bd8216376128bd71f001e06f060a949c,2,0xb421a98ca7825ad2951eaf6516bea4a9f08ffbfd(4x);0xf666057b3200c2af14534217ded1b8275dca53eb(4x)
1.0,0xb33641b8a7ad8d94d74b71aa28d1f1f757e171ce,2,0xb421a98ca7825ad2951eaf6516bea4a9f08ffbfd(4x);0xf666057b3200c2af14534217ded1b8275dca53eb(4x)
1.0,0x876c94fea760b58b3afedb0681c9b67d155e9802,2,0xb421a98ca7825ad2951eaf6516bea4a9f08ffbfd(4x);0xf666057b3200c2af14534217ded1b8275dca53eb(4x)
1.0,0x5f40a9bad530079c6166ee7d2572fd4a443de5da,2,0xb421a98ca7825ad2951eaf6516bea4a9f08ffbfd(4x);0xf666057b3200c2af14534217ded1b8275dca53eb(4x)
1.0,0xf4c9bcff0a21613596b38ad0ee8cf5198835bb96,2,0xb421a98ca7825ad2951eaf6516bea4a9f08ffbfd(4x);0xf666057b3200c2af14534217ded1b8275dca53eb(4x)
1.0,0x0fc9526e91516912ae6d360f91e09f2350a39adf,2,0xb421a98ca7825ad2951eaf6516bea4a9f08ffbfd(4x);0xf666057b3200c2af14534217ded1b8275dca53eb(4x)
