idx,denomination_eth,timestamp_utc,block,to_address,via,tx_hash
1,1.0,2025-11-23 00:32:23Z,23858057,0xd90e2f925da726b50c4ed8d0fb90ad053324f31b,router,0xf930f0d04179a5bf920c4042709ed03f13008bda3e201936f502f2a23bc303fd
2,1.0,2025-11-23 00:33:47Z,23858063,0xd90e2f925da726b50c4ed8d0fb90ad053324f31b,router,0x70bc417dc63405887bba5b630a46b4ac2d67560f517eed98d6eb31780ffbfb30
3,1.0,2025-11-23 00:41:35Z,23858101,0xd90e2f925da726b50c4ed8d0fb90ad053324f31b,router,0x87101e283e219e8256374f439af377dd065984625241e0ddecc5543f5fd738b3
4,1.0,2025-11-23 00:48:35Z,23858136,0xd90e2f925da726b50c4ed8d0fb90ad053324f31b,router,0x684a33f897b9a118ff91173c81b7dedc54cea3c75294df9e95dfba2ae3ddd84d
5,1.0,2025-11-23 00:54:35Z,23858164,0xd90e2f925da726b50c4ed8d0fb90ad053324f31b,router,0x3cf6d72d5c1760c5193a3b496c11e066121391f0e87d0f1cabb954d77d550f7b
6,1.0,2025-11-23 01:27:11Z,23858321,0xd90e2f925da726b50c4ed8d0fb90ad053324f31b,router,0xc874e26ecb30d5bec7c4eb83bb4bc830f1e29acf637752649d26795dc086a442
7,1.0,2025-11-23 01:32:11Z,23858346,0xd90e2f925da726b50c4ed8d0fb90ad053324f31b,router,0x2cfb97660978c600d3b0305b7ea4e0f4f854820559a2a3f1040fd63bbbb9caa2
8,1.0,2025-11-23 01:35:11Z,23858361,0xd90e2f925da726b50c4ed8d0fb90ad053324f31b,router,0x153cf826932854d4e6e3ca7d427a4f6c60e7e3e83747ac40694b39120ff45e22
9,1.0,2025-11-23 01:36:35Z,23858368,0xd90e2f925da726b50c4ed8d0fb90ad053324f31b,router,0x35ca1bfaa69866612cc124cea7d2eb8d01fe2041b2ecc6a8c2796e84b499bbf5
10,0.1,2025-11-23 01:45:23Z,23858411,0xd90e2f925da726b50c4ed8d0fb90ad053324f31b,router,0x881a97d0a195667166067cc4a73a86288878ca4bdf2f4026a9d599d7d9b4403a
11,0.1,2025-11-23 02:13:59Z,23858552,0xd90e2f925da726b50c4ed8d0fb90ad053324f31b,router,0x42ad0c355f174b1e6f963f3ea26a14a5ac15e99641c9941672f158536ee6e7fc
12,0.1,2025-11-23 02:19:59Z,23858582,0xd90e2f925da726b50c4ed8d0fb90ad053324f31b,router,0xb252ecaddafc9a496031cd372721b518ec492aab2a166e12089687441e65c223
13,0.1,2025-11-23 02:22:59Z,23858597,0xd90e2f925da726b50c4ed8d0fb90ad053324f31b,router,0xad6297d95f20125582fca87e0fb52998f2dfd5abd6afc6bdde6f34553a4701d0
14,0.1,2025-11-23 02:29:23Z,23858627,0xd90e2f925da726b50c4ed8d0fb90ad053324f31b,router,0xa98db52ca56aed06159d4408758c200e1fb9886ae5789fe2044b2a76cb21d706
15,0.1,2025-11-23 02:32:23Z,23858641,0xd90e2f925da726b50c4ed8d0fb90ad053324f31b,router,0x6ab2cb7e236c2e51da7de13a70236f12c142ac58e6fdc7b1bb61d836a1d08ab4
16,0.1,2025-11-23 03:13:47Z,23858844,0xd90e2f925da726b50c4ed8d0fb90ad053324f31b,router,0x9f139d0a152a56702123db3c4a92a54e88277cbfddfb5008edaac58a365d2198
17,0.1,2025-11-23 03:14:59Z,23858850,0xd90e2f925da726b50c4ed8d0fb90ad053324f31b,router,0x4defca4899e7e3e8953cd91319757935ad5444fa3ac207bcb3eb8d25898080bc
18,0.1,2025-11-23 03:15:35Z,23858853,0xd90e2f925da726b50c4ed8d0fb90ad053324f31b,router,0xed0651d57b0586c9496b81b6b80193da30a697603d25479c0d5d24b383a64ff5
